All Examples,Input Forms,Simple Form Demo,https://www.seleniumeasy.com/test/basic-first-form-demo.html
All Examples,Input Forms,Checkbox Demo,https://www.seleniumeasy.com/test/basic-checkbox-demo.html
All Examples,Input Forms,Radio Buttons Demo,https://www.seleniumeasy.com/test/basic-radiobutton-demo.html
All Examples,Input Forms,Select Dropdown List,https://www.seleniumeasy.com/test/basic-select-dropdown-demo.html
All Examples,Input Forms,Input Form Submit,https://www.seleniumeasy.com/test/input-form-demo.html
All Examples,Input Forms,Ajax Form Submit,https://www.seleniumeasy.com/test/ajax-form-submit-demo.html
All Examples,Input Forms,JQuery Select dropdown,https://www.seleniumeasy.com/test/jquery-dropdown-search-demo.html
All Examples,Date Pickers,Bootstrap Date Picker,https://www.seleniumeasy.com/test/bootstrap-date-picker-demo.html
All Examples,Date Pickers,JQuery Date Picker,https://www.seleniumeasy.com/test/jquery-date-picker-demo.html
All Examples,Table,Table Pagination,https://www.seleniumeasy.com/test/table-pagination-demo.html
All Examples,Table,Table Data Search,https://www.seleniumeasy.com/test/table-search-filter-demo.html
All Examples,Table,Table Filter,https://www.seleniumeasy.com/test/table-records-filter-demo.html
All Examples,Table,Table Sort & Search,https://www.seleniumeasy.com/test/table-sort-search-demo.html
All Examples,Table,Table Data Download,https://www.seleniumeasy.com/test/table-data-download-demo.html
All Examples,Progress Bars,JQuery Download Progress bars,https://www.seleniumeasy.com/test/jquery-download-progress-bar-demo.html
All Examples,Progress Bars,Bootstrap Progress bar,https://www.seleniumeasy.com/test/bootstrap-download-progress-demo.html
All Examples,Progress Bars,Drag & Drop Sliders,https://www.seleniumeasy.com/test/drag-drop-range-sliders-demo.html
All Examples,Alerts & Modals,Bootstrap Alerts,https://www.seleniumeasy.com/test/bootstrap-alert-messages-demo.html
All Examples,Alerts & Modals,Bootstrap Modals,https://www.seleniumeasy.com/test/bootstrap-modal-demo.html
All Examples,Alerts & Modals,Window Popup Modal,https://www.seleniumeasy.com/test/window-popup-modal-demo.html
All Examples,Alerts & Modals,Progress Bar Modal,https://www.seleniumeasy.com/test/bootstrap-progress-bar-dialog-demo.html
All Examples,Alerts & Modals,Javascript Alerts,https://www.seleniumeasy.com/test/javascript-alert-box-demo.html
All Examples,Alerts & Modals,File Download,https://www.seleniumeasy.com/test/generate-file-to-download-demo.html
All Examples,List Box,Bootstrap List Box,https://www.seleniumeasy.com/test/bootstrap-dual-list-box-demo.html
All Examples,List Box,JQuery List Box,https://www.seleniumeasy.com/test/jquery-dual-list-box-demo.html
All Examples,List Box,Data List Filter,https://www.seleniumeasy.com/test/data-list-filter-demo.html
All Examples,Others,Drag and Drop,https://www.seleniumeasy.com/test/drag-and-drop-demo.html
All Examples,Others,Dynamic Data Loading,https://www.seleniumeasy.com/test/dynamic-data-loading-demo.html
All Examples,Others,Charts Demo,https://www.seleniumeasy.com/test/charts-mouse-hover-demo.html
